﻿<?xml version="1.0" encoding="utf-8"?>
<ImportExportXml xmlns:xsi="http://www.w3.org/2001/XMLSchema-instance">
  <Entities />
  <Roles />
  <Workflows />
  <FieldSecurityProfiles />
  <Templates />
  <EntityMaps />
  <EntityRelationships />
  <OrganizationSettings />
  <optionsets />
  <CustomControls />
  <EntityDataProviders />
  <CanvasApps>
    <CanvasApp>
      <Name>ais_recurrencescheduler_388c0</Name>
      <AppVersion>2024-09-12T15:01:06Z</AppVersion>
      <Status>Ready</Status>
      <CreatedByClientVersion>3.24084.21.0</CreatedByClientVersion>
      <MinClientVersion>3.24084.21.0</MinClientVersion>
      <Tags>{"primaryDeviceWidth":"1366","primaryDeviceHeight":"768","supportsPortrait":"true","supportsLandscape":"true","primaryFormFactor":"Tablet","showStatusBar":"false","publisherVersion":"3.24084.21","minimumRequiredApiVersion":"2.2.0","hasComponent":"false","hasUnlockedComponent":"false","isUnifiedRootApp":"false","sienaVersion":"20240911T191203Z-3.24084.21.0"}</Tags>
      <IsCdsUpgraded>0</IsCdsUpgraded>
      <GalleryItemId xsi:nil="true"></GalleryItemId>
      <BackgroundColor>RGBA(0,176,240,1)</BackgroundColor>
      <DisplayName>Recurrence Scheduler</DisplayName>
      <Description xsi:nil="true"></Description>
      <CommitMessage xsi:nil="true"></CommitMessage>
      <Publisher></Publisher>
      <AuthorizationReferences>[]</AuthorizationReferences>
      <ConnectionReferences>{}</ConnectionReferences>
      <DatabaseReferences>{"default.cds":{"databaseDetails":{"referenceType":"Environmental","environmentName":"default.cds","overrideValues":{"status":"NotSpecified"}},"dataSources":{"Time Zone Localized Names":{"entitySetName":"timezonelocalizednames","logicalName":"timezonelocalizedname"},"Time Zone Definitions":{"entitySetName":"timezonedefinitions","logicalName":"timezonedefinition"}},"components":[{"componentName":"CustomControl","identifier":"cat_PowerCAT.CommandBar","identifierType":"LogicalName"},{"componentName":"CustomControl","identifier":"ais_ais.rrulepcf","identifierType":"LogicalName"}]}}</DatabaseReferences>
      <AppComponents>[]</AppComponents>
      <AppComponentDependencies>[]</AppComponentDependencies>
      <CanConsumeAppPass>1</CanConsumeAppPass>
      <CanvasAppType>0</CanvasAppType>
      <BypassConsent>0</BypassConsent>
      <AdminControlBypassConsent>0</AdminControlBypassConsent>
      <EmbeddedApp xsi:nil="true"></EmbeddedApp>
      <IntroducedVersion>1.0</IntroducedVersion>
      <CdsDependencies>{"cdsdependencies":[{"logicalname":"timezonelocalizedname","componenttype":1},{"logicalname":"timezonedefinition","componenttype":1},{"dependencyid":"","logicalname":"cat_PowerCAT.CommandBar","componenttype":66,"componenttypeplatformname":"CustomControl"},{"dependencyid":"","logicalname":"ais_ais.rrulepcf","componenttype":66,"componenttypeplatformname":"CustomControl"}]}</CdsDependencies>
      <IsCustomizable>1</IsCustomizable>
      <BackgroundImageUri>/CanvasApps/ais_recurrencescheduler_388c0_BackgroundImageUri</BackgroundImageUri>
      <DocumentUri>/CanvasApps/ais_recurrencescheduler_388c0_DocumentUri.msapp</DocumentUri>
      <AdditionalUris>
        <AdditionalUri>/CanvasApps/ais_recurrencescheduler_388c0_AdditionalUris0_identity.json</AdditionalUri>
      </AdditionalUris>
    </CanvasApp>
  </CanvasApps>
  <Languages>
    <Language>1033</Language>
  </Languages>
</ImportExportXml>