<?xml version="1.0" encoding="UTF-8" standalone="yes"?>
<manifest>
  <control namespace="ais" constructor="reactquerybuilder" version="0.0.35" display-name-key="reactquerybuilder" description-key="reactquerybuilder description" control-type="standard" api-version="1.3.16">
    <external-service-usage enabled="false"/>
    <property name="initialQuery" display-name-key="Initial Query" description-key="The initial query in JSON format" of-type="SingleLine.Text" usage="bound" required="false"/>
    <property name="isreadonly" display-name-key="IsReadOnly" description-key="Whether the control is to be readonly" of-type="TwoOptions" usage="bound" required="false"/>
    <property name="queryjson" display-name-key="Query JSON" description-key="The query in JSON format" of-type="SingleLine.Text" usage="output" required="false"/>
    <property name="querysql" display-name-key="Query SQL" description-key="The query in SQL format" of-type="SingleLine.Text" usage="output" required="false"/>
    <property name="formattedsqlquery" display-name-key="Formatted Query SQL" description-key="The query in formatted SQL" of-type="SingleLine.Text" usage="output" required="false"/>
    <data-set name="items" display-name-key="Items">
      <property-set name="name" display-name-key="FieldName" of-type="SingleLine.Text" usage="bound" required="true"/>
      <property-set name="label" display-name-key="FieldLabel" of-type="SingleLine.Text" usage="bound" required="true"/>
      <property-set name="inputType" display-name-key="FieldType" of-type="SingleLine.Text" usage="bound" required="true"/>
    </data-set>
    <resources>
      <code path="bundle.js" order="1"/>
      <css path="css/query-builder.css" order="2"/>
    </resources>
    <feature-usage/>
    <built-by name="pac" version="1.41.1"/>
  </control>
</manifest>